{
    "loss": 6.625192165374756,
    "accuracy": 0.5179855823516846
}