{
    "loss": 8.140482902526855,
    "accuracy": 0.5035971403121948
}